,year,Exports,latitde,longitude,color,country,Imports,unemployment
0,1991,41218.41,47.516231,14.550072,1,Austria,54383.23,5.823096
1,1992,44392.88,47.516231,14.550072,1,Austria,57146.05,5.941711
2,1993,40190.33,47.516231,14.550072,1,Austria,48950.21,6.811381
3,1994,45059,47.516231,14.550072,1,Austria,55115.38,6.54548
4,1995,57585.45,47.516231,14.550072,1,Austria,64439.78,6.589767
5,1996,57830.18,47.516231,14.550072,1,Austria,66951.82,7.033851
6,1997,58533.21,47.516231,14.550072,1,Austria,64973.34,7.103283
7,1998,62637.92,47.516231,14.550072,1,Austria,68196.4,7.184796
8,1999,64164.47,47.516231,14.550072,1,Austria,69606.05,6.645249
9,2000,64228.91,47.516231,14.550072,1,Austria,69092,5.803798
10,2001,66605.5,47.516231,14.550072,1,Austria,70598.17,6.094126
11,2002,73168.82,47.516231,14.550072,1,Austria,72872.45,6.871619
12,2003,89276.86,47.516231,14.550072,1,Austria,91575.15,7.014327
13,2004,111635.2,47.516231,14.550072,1,Austria,113200.4,7.067993
14,2005,117515.2,47.516231,14.550072,1,Austria,119705.3,7.272203
15,2006,130238.8,47.516231,14.550072,1,Austria,130830.3,6.779991
16,2007,157087.2,47.516231,14.550072,1,Austria,156527.2,6.212398
17,2008,173591,47.516231,14.550072,1,Austria,176281.4,5.900179
18,2009,130668.7,47.516231,14.550072,1,Austria,136040.5,7.277396
19,2010,144935.9,47.516231,14.550072,1,Austria,150497.6,6.924822
20,2011,169826,47.516231,14.550072,1,Austria,182808.6,6.724885
21,2012,159107.1,47.516231,14.550072,1,Austria,169989.1,6.97184
22,2013,167217,47.516231,14.550072,1,Austria,173746.6,7.616157
23,2014,170174,47.516231,14.550072,1,Austria,172741.9,8.368532
24,2015,145926,47.516231,14.550072,1,Austria,148323.8,9.10786
25,2016,101712.5616,47.516231,14.550072,1,Austria,107383.7092,9.067555
26,2017,101712.5616,47.516231,14.550072,1,Austria,107383.7092,8.872358
0,1991,139363.6889,50.503887,4.469936,2,Belgium,287394.1087,6.439811
1,1992,148396.8667,50.503887,4.469936,2,Belgium,287394.1087,7.088083
2,1993,125857.4,50.503887,4.469936,2,Belgium,116670.3,8.619116
3,1994,143836.8,50.503887,4.469936,2,Belgium,129613.8,9.753488
4,1995,175496.4,50.503887,4.469936,2,Belgium,154411.8,9.67386
5,1996,175388.5,50.503887,4.469936,2,Belgium,162122.2,9.543726
6,1997,171783.8,50.503887,4.469936,2,Belgium,157565.4,9.212427
7,1998,178992.1,50.503887,4.469936,2,Belgium,164829.7,9.338412
8,1999,179023.2,50.503887,4.469936,2,Belgium,164608.1,8.484549
9,2000,187872.9,50.503887,4.469936,2,Belgium,177223.8,6.874786
10,2001,190515.7,50.503887,4.469936,2,Belgium,178940.6,6.590747
11,2002,216277.2,50.503887,4.469936,2,Belgium,198607.2,7.528499
12,2003,255666,50.503887,4.469936,2,Belgium,235079.4,8.185468
13,2004,307715.3,50.503887,4.469936,2,Belgium,286369.5,8.390217
14,2005,335193.6,50.503887,4.469936,2,Belgium,318536.1,8.442446
15,2006,366568.3,50.503887,4.469936,2,Belgium,352699.1,8.259225
16,2007,431632.3,50.503887,4.469936,2,Belgium,412729.1,7.488605
17,2008,471908.3,50.503887,4.469936,2,Belgium,466862.6,6.964459
18,2009,371731.7,50.503887,4.469936,2,Belgium,354932.4,7.884973
19,2010,407417,50.503887,4.469936,2,Belgium,391473.9,8.302332
20,2011,476782.4,50.503887,4.469936,2,Belgium,467841.5,7.158453
21,2012,446965.7,50.503887,4.469936,2,Belgium,440021.1,7.568119
22,2013,467441.2,50.503887,4.469936,2,Belgium,449382.6,8.454513
23,2014,472864.4,50.503887,4.469936,2,Belgium,453677.4,8.534938
24,2015,398079.4,50.503887,4.469936,2,Belgium,375866.9,8.501206
25,2016,302391.7217,50.503887,4.469936,2,Belgium,287394.1087,7.96702
26,2017,302391.7217,50.503887,4.469936,2,Belgium,287394.1087,8.066657148
0,1991,5616.57679,42.733883,25.48583,3,Bulgaria,17858.90138,11.98816656
1,1992,5528.454593,42.733883,25.48583,3,Bulgaria,17858.90138,13.235
2,1993,5717.120444,42.733883,25.48583,3,Bulgaria,17858.90138,15.85583
3,1994,5604.155333,42.733883,25.48583,3,Bulgaria,17858.90138,14.06583
4,1995,5264.088,42.733883,25.48583,3,Bulgaria,5106.36,11.38583
5,1996,6283.118,42.733883,25.48583,3,Bulgaria,6707.059,11.06167
6,1997,5265.26,42.733883,25.48583,3,Bulgaria,5340.332,14.04583
7,1998,4245.864,42.733883,25.48583,3,Bulgaria,4967.955,12.20333
8,1999,3935.358,42.733883,25.48583,3,Bulgaria,5434.541,13.7825
9,2000,4809.846,42.733883,25.48583,3,Bulgaria,6009.206,18.12917
10,2001,5121.561,42.733883,25.48583,3,Bulgaria,6704.986,17.50833
11,2002,5613.248,42.733883,25.48583,3,Bulgaria,7268.28,17.42667
12,2003,7533.581,42.733883,25.48583,3,Bulgaria,10042.26,14.25917
13,2004,9925.362,42.733883,25.48583,3,Bulgaria,13318.98,12.67
14,2005,11710.18,42.733883,25.48583,3,Bulgaria,16730.62,11.45083
15,2006,15025.02,42.733883,25.48583,3,Bulgaria,21684.79,9.6025
16,2007,18437.53,42.733883,25.48583,3,Bulgaria,28543.98,7.736667
17,2008,22548.05,42.733883,25.48583,3,Bulgaria,35490.17,6.301667
18,2009,16341.77,42.733883,25.48583,3,Bulgaria,22140.77,7.584167
19,2010,20522.16,42.733883,25.48583,3,Bulgaria,24211.69,9.473333
20,2011,28224.5,42.733883,25.48583,3,Bulgaria,31202.91,9.595833
21,2012,26665.9,42.733883,25.48583,3,Bulgaria,31171.16,11.0925
22,2013,29576.93,42.733883,25.48583,3,Bulgaria,32829.48,11.315
23,2014,29333.93,42.733883,25.48583,3,Bulgaria,32333.66,11.16417
24,2015,25604.44,42.733883,25.48583,3,Bulgaria,27797.74,10.06667
25,2016,14380.36648,42.733883,25.48583,3,Bulgaria,17858.90138,8.691667
26,2017,14814.47498,42.733883,25.48583,3,Bulgaria,17858.90138,11.98816656
0,1991,128548,56.130366,-106.34677,4,Canada,122571.4,10.31667
1,1992,134811,56.130366,-106.34677,4,Canada,127524.3,11.21667
2,1993,146943.3,56.130366,-106.34677,4,Canada,136887.9,11.375
3,1994,166549.1,56.130366,-106.34677,4,Canada,151901.7,10.39167
4,1995,192899.8,56.130366,-106.34677,4,Canada,167298.4,9.466667
5,1996,204823,56.130366,-106.34677,4,Canada,174108.1,9.608333
6,1997,218449,56.130366,-106.34677,4,Canada,200297.4,9.091667
7,1998,219919.3,56.130366,-106.34677,4,Canada,204328.4,8.291667
8,1999,247680.2,56.130366,-106.34677,4,Canada,219933.3,7.566667
9,2000,288033.6,56.130366,-106.34677,4,Canada,243625.4,6.833333
10,2001,270796.1,56.130366,-106.34677,4,Canada,225823.3,7.225
11,2002,262434.2,56.130366,-106.34677,4,Canada,226915.2,7.666667
12,2003,283893.9,56.130366,-106.34677,4,Canada,244619.3,7.575
13,2004,328598.2,56.130366,-106.34677,4,Canada,279297.3,7.158333
14,2005,370706.7,56.130366,-106.34677,4,Canada,320106,6.758333
15,2006,398459.3,56.130366,-106.34677,4,Canada,356704.4,6.291667
16,2007,430561.9,56.130366,-106.34677,4,Canada,388445.4,6.033333
17,2008,460826,56.130366,-106.34677,4,Canada,418041.2,6.158333
18,2009,322998.8,56.130366,-106.34677,4,Canada,329034.8,8.358333
19,2010,392341.5,56.130366,-106.34677,4,Canada,401707.6,8
20,2011,461550.9,56.130366,-106.34677,4,Canada,461114.7,7.5
21,2012,461855.9,56.130366,-106.34677,4,Canada,475083.4,7.325
22,2013,465335.7,56.130366,-106.34677,4,Canada,473226.1,7.1
23,2014,478549.7,56.130366,-106.34677,4,Canada,474954.6,6.925
24,2015,410921.7,56.130366,-106.34677,4,Canada,428987.7,6.891667
25,2016,309939.472,56.130366,-106.34677,4,Canada,290101.492,7
26,2017,309939.472,56.130366,-106.34677,4,Canada,290101.492,8.010185556
0,1991,57423.8,46.7985624,8.2319736,5,Switzerland,120580.847,1.090451
1,1992,61356.64,46.7985624,8.2319736,5,Switzerland,120580.847,2.563105
2,1993,58607.56,46.7985624,8.2319736,5,Switzerland,56696.37,4.516116
3,1994,66168.22,46.7985624,8.2319736,5,Switzerland,64103.5,4.718465
4,1995,77931.88,46.7985624,8.2319736,5,Switzerland,76919.78,4.232892
5,1996,76269.71,46.7985624,8.2319736,5,Switzerland,74558.17,4.665679
6,1997,72531.27,46.7985624,8.2319736,5,Switzerland,71214.62,5.201972
7,1998,75387.28,46.7985624,8.2319736,5,Switzerland,73852.57,3.840284
8,1999,76147.08,46.7985624,8.2319736,5,Switzerland,75460.97,2.713548
9,2000,74982.89,46.7985624,8.2319736,5,Switzerland,76180.44,1.817696
10,2001,78159.67,46.7985624,8.2319736,5,Switzerland,77115.22,1.700255
11,2002,87518.01,46.7985624,8.2319736,5,Switzerland,82477.99,2.550812
12,2003,100711.8,46.7985624,8.2319736,5,Switzerland,95608.15,3.699937
13,2004,117858.1,46.7985624,8.2319736,5,Switzerland,110273.4,3.8775
14,2005,126067.4,46.7985624,8.2319736,5,Switzerland,119598.2,3.763608
15,2006,141630.5,46.7985624,8.2319736,5,Switzerland,131933.8,3.329363
16,2007,164552,46.7985624,8.2319736,5,Switzerland,152989.4,2.761518
17,2008,191282.7,46.7985624,8.2319736,5,Switzerland,173582.8,2.573798
18,2009,166701.9,46.7985624,8.2319736,5,Switzerland,147749.5,3.71306
19,2010,186094,46.7985624,8.2319736,5,Switzerland,167305.9,3.515203
20,2011,223524.6,46.7985624,8.2319736,5,Switzerland,196994.2,2.836438
21,2012,214064.5,46.7985624,8.2319736,5,Switzerland,188707.8,2.906258
22,2013,217229.8,46.7985624,8.2319736,5,Switzerland,191790.5,3.159694
23,2014,227824.4,46.7985624,8.2319736,5,Switzerland,195538.6,3.0434
24,2015,210811.5,46.7985624,8.2319736,5,Switzerland,172707.6,3.180538
25,2016,214402.2,46.7985624,8.2319736,5,Switzerland,120580.847,3.323926
26,2017,129432.285,46.7985624,8.2319736,5,Switzerland,120580.847,3.177660889
0,1991,8939.725,-35.675147,-71.542969,6,Chile,7442.854,7.877367458
1,1992,10014.19,-35.675147,-71.542969,6,Chile,9269.208,7.877367458
2,1993,9198.405,-35.675147,-71.542969,6,Chile,10207.62,6.501549
3,1994,11702.78,-35.675147,-71.542969,6,Chile,10858.1,7.797124
4,1995,16068.81,-35.675147,-71.542969,6,Chile,14610.68,7.379939
5,1996,16618.07,-35.675147,-71.542969,6,Chile,17683.69,6.508231
6,1997,17874.43,-35.675147,-71.542969,6,Chile,19296.22,6.097341
7,1998,16308.58,-35.675147,-71.542969,6,Chile,18382.19,6.210401
8,1999,17234.42,-35.675147,-71.542969,6,Chile,14775.89,9.95379
9,2000,19243.53,-35.675147,-71.542969,6,Chile,17102.21,9.705062
10,2001,18194.24,-35.675147,-71.542969,6,Chile,16429.12,9.886131
11,2002,18175.73,-35.675147,-71.542969,6,Chile,15802.95,9.819468
12,2003,21671.56,-35.675147,-71.542969,6,Chile,17891.07,9.546695
13,2004,33090.44,-35.675147,-71.542969,6,Chile,22823.13,10.00835
14,2005,41994.82,-35.675147,-71.542969,6,Chile,30550.99,9.320431
15,2006,59207.32,-35.675147,-71.542969,6,Chile,36323.19,7.961301
16,2007,68496.66,-35.675147,-71.542969,6,Chile,44214.48,7.031883
17,2008,64346.37,-35.675147,-71.542969,6,Chile,58325.51,7.762011
18,2009,55372.88,-35.675147,-71.542969,6,Chile,40058.4,10.51498
19,2010,71093.43,-35.675147,-71.542969,6,Chile,55067.9,8.357429
20,2011,81429.27,-35.675147,-71.542969,6,Chile,70459.22,7.205684
21,2012,77927.16,-35.675147,-71.542969,6,Chile,75367.29,6.476504
22,2013,76576.86,-35.675147,-71.542969,6,Chile,74729.31,5.971583
23,2014,74968.62,-35.675147,-71.542969,6,Chile,68668.89,6.319572
24,2015,62257.65,-35.675147,-71.542969,6,Chile,58755.87,6.267303
25,2016,59884.37,-35.675147,-71.542969,6,Chile,55323.48,6.454057
26,2017,39534.24308,-35.675147,-71.542969,6,Chile,33862.287,7.877367458
0,1991,403246.4,51.0834196,10.4234469,7,Germany,415735.3,4.864885
1,1992,430373.7,51.0834196,10.4234469,7,Germany,430845.1,5.764563
2,1993,379936.8,51.0834196,10.4234469,7,Germany,345261.9,6.93137
3,1994,426910.5,51.0834196,10.4234469,7,Germany,380291.4,7.340639
4,1995,523309.5,51.0834196,10.4234469,7,Germany,450541.7,7.091997
5,1996,524467.4,51.0834196,10.4234469,7,Germany,456003.1,7.744785
6,1997,512435.1,51.0834196,10.4234469,7,Germany,446566.7,8.564601
7,1998,543507.7,51.0834196,10.4234469,7,Germany,471562.6,8.107018
8,1999,543265,51.0834196,10.4234469,7,Germany,473632,7.482217
9,2000,550553.2,51.0834196,10.4234469,7,Germany,495614.6,6.874591
10,2001,572395.6,51.0834196,10.4234469,7,Germany,486393.4,6.90132
11,2002,616719.2,51.0834196,10.4234469,7,Germany,490659.1,7.666133
12,2003,752548.2,51.0834196,10.4234469,7,Germany,604687.5,8.770691
13,2004,909316.6,51.0834196,10.4234469,7,Germany,715494.8,9.18157
14,2005,976644.8,51.0834196,10.4234469,7,Germany,779627.9,9.120221
15,2006,1120399,51.0834196,10.4234469,7,Germany,921672,8.080572
16,2007,1321527,51.0834196,10.4234469,7,Germany,1055172,8.532436
17,2008,1451506,51.0834196,10.4234469,7,Germany,1187227,7.409989
18,2009,1119928,51.0834196,10.4234469,7,Germany,926630.3,7.638004
19,2010,1261796,51.0834196,10.4234469,7,Germany,1056222,6.952269
20,2011,1479690,51.0834196,10.4234469,7,Germany,1258102,5.821794
21,2012,1407033,51.0834196,10.4234469,7,Germany,1157631,5.378719
22,2013,1446816,51.0834196,10.4234469,7,Germany,1183729,5.237051
23,2014,1493353,51.0834196,10.4234469,7,Germany,1209755,4.989425
24,2015,1323718,51.0834196,10.4234469,7,Germany,1053751,4.631274
25,2016,883655.828,51.0834196,10.4234469,7,Germany,738112.336,4.130442
26,2017,883655.828,51.0834196,10.4234469,7,Germany,738112.336,6.969560615
0,1991,60171.89,40.463667,-3.74922,8,Spain,73552.55,15.51667
1,1992,64379.67,40.463667,-3.74922,8,Spain,81212.17,17.06667
2,1993,61005.92,40.463667,-3.74922,8,Spain,72404.46,20.83333
3,1994,73607.8,40.463667,-3.74922,8,Spain,89517.81,22.05
4,1995,93344.61,40.463667,-3.74922,8,Spain,115600.7,20.79167
5,1996,102716.5,40.463667,-3.74922,8,Spain,121548.7,19.88333
6,1997,106118.3,40.463667,-3.74922,8,Spain,123664.4,18.38333
7,1998,111371.8,40.463667,-3.74922,8,Spain,136924.7,16.41667
8,1999,111811.1,40.463667,-3.74922,8,Spain,148346.1,13.625
9,2000,114588.3,40.463667,-3.74922,8,Spain,156752.2,11.9
10,2001,116526.6,40.463667,-3.74922,8,Spain,155552,10.56667
11,2002,126133.6,40.463667,-3.74922,8,Spain,166082.3,11.46667
12,2003,156307.3,40.463667,-3.74922,8,Spain,209484.7,11.51667
13,2004,182644.5,40.463667,-3.74922,8,Spain,259308,10.98333
14,2005,192829.4,40.463667,-3.74922,8,Spain,289678.8,9.141667
15,2006,214120.7,40.463667,-3.74922,8,Spain,329943.5,8.466667
16,2007,253393.3,40.463667,-3.74922,8,Spain,390471.7,8.241667
17,2008,279434.9,40.463667,-3.74922,8,Spain,419157.6,11.25833
18,2009,223003.2,40.463667,-3.74922,8,Spain,287667.5,17.88333
19,2010,247769.3,40.463667,-3.74922,8,Spain,318327.3,19.875
20,2011,299820.7,40.463667,-3.74922,8,Spain,366769.7,21.4
21,2012,291035.7,40.463667,-3.74922,8,Spain,332270.8,24.81667
22,2013,313264.2,40.463667,-3.74922,8,Spain,335631.5,26.10833
23,2014,319314.7,40.463667,-3.74922,8,Spain,352661.3,24.45833
24,2015,276582.1,40.463667,-3.74922,8,Spain,304887.9,22.05833
25,2016,175651.8436,40.463667,-3.74922,8,Spain,225496.7356,19.63333
26,2017,180271.0417,40.463667,-3.74922,8,Spain,225496.7356,16.66018485
0,1991,1369.031741,58.595272,25.013607,9,Estonia,8840.908513,1.475
1,1992,1423.454556,58.595272,25.013607,9,Estonia,494.1841,3.725
2,1993,1498.887667,58.595272,25.013607,9,Estonia,829.7352,6.55
3,1994,1184.753,58.595272,25.013607,9,Estonia,1541.859,7.55
4,1995,1586.723,58.595272,25.013607,9,Estonia,2316.757,9.75
5,1996,1725.187,58.595272,25.013607,9,Estonia,2869.963,9.95
6,1997,2136.738,58.595272,25.013607,9,Estonia,3509.541,9.65
7,1998,2528.606,58.595272,25.013607,9,Estonia,3941.064,9.825
8,1999,2385.899,58.595272,25.013607,9,Estonia,3429.137,12.25
9,2000,3172.02,58.595272,25.013607,9,Estonia,4235.032,14.575
10,2001,3314.749,58.595272,25.013607,9,Estonia,4321.765,13
11,2002,3441.948,58.595272,25.013607,9,Estonia,4812.31,11.225
12,2003,4523.107,58.595272,25.013607,9,Estonia,6500.619,10.35
13,2004,5927.205,58.595272,25.013607,9,Estonia,8324.068,10.125
14,2005,7682.941,58.595272,25.013607,9,Estonia,10189.35,8.025
15,2006,9683.854,58.595272,25.013607,9,Estonia,13442.57,5.95
16,2007,10997.68,58.595272,25.013607,9,Estonia,15664.66,4.625
17,2008,12478.44,58.595272,25.013607,9,Estonia,16092.87,5.45
18,2009,9060.871,58.595272,25.013607,9,Estonia,10162.53,13.6
19,2010,11585.08,58.595272,25.013607,9,Estonia,12268.28,16.7
20,2011,16702.02,58.595272,25.013607,9,Estonia,17725.35,12.325
21,2012,16094.13,58.595272,25.013607,9,Estonia,18149.01,9.975
22,2013,16344.12,58.595272,25.013607,9,Estonia,18498.19,8.6
23,2014,15936.69,58.595272,25.013607,9,Estonia,18302.43,7.325
24,2015,12842.75,58.595272,25.013607,9,Estonia,14560.53,6.15
25,2016,7787.977773,58.595272,25.013607,9,Estonia,8840.908513,8.822115385
26,2017,8088.124353,58.595272,25.013607,9,Estonia,8840.908513,8.822115385
0,1991,23051.05,61.92411,25.748151,10,Finland,18646.45,6.666424
1,1992,23911.01,61.92411,25.748151,10,Finland,21083.66,11.79683
2,1993,23385.88,61.92411,25.748151,10,Finland,20597.52,16.38421
3,1994,29658.27,61.92411,25.748151,10,Finland,24450.29,16.53442
4,1995,40202.03,61.92411,25.748151,10,Finland,28641.55,15.42648
5,1996,40515.27,61.92411,25.748151,10,Finland,30729.04,14.58738
6,1997,40950.12,61.92411,25.748151,10,Finland,30604.58,12.6308
7,1998,43188.61,61.92411,25.748151,10,Finland,32392.15,11.35479
8,1999,41703.37,61.92411,25.748151,10,Finland,31621.33,10.19669
9,2000,45479.29,61.92411,25.748151,10,Finland,33991.73,9.774099
10,2001,42814.49,61.92411,25.748151,10,Finland,32195,9.133711
11,2002,44637.22,61.92411,25.748151,10,Finland,33711.46,9.070981
12,2003,52489.09,61.92411,25.748151,10,Finland,41634.58,9.006988
13,2004,60962.89,61.92411,25.748151,10,Finland,50660.72,8.803881
14,2005,65162.01,61.92411,25.748151,10,Finland,58391.62,8.387576
15,2006,77127.62,61.92411,25.748151,10,Finland,69327.7,7.694701
16,2007,89899.11,61.92411,25.748151,10,Finland,81632.66,6.859659
17,2008,97007.37,61.92411,25.748151,10,Finland,92237.35,6.35615
18,2009,62702.54,61.92411,25.748151,10,Finland,60807.95,8.267343
19,2010,69275.88,61.92411,25.748151,10,Finland,68661.8,8.369812
20,2011,79345.12,61.92411,25.748151,10,Finland,84239.32,7.757113
21,2012,73290.39,61.92411,25.748151,10,Finland,76678.29,7.695041
22,2013,74547.49,61.92411,25.748151,10,Finland,77637,8.179882
23,2014,74369.62,61.92411,25.748151,10,Finland,76865.08,8.662605
24,2015,59785.49,61.92411,25.748151,10,Finland,60512.59,9.375187
25,2016,55018.4492,61.92411,25.748151,10,Finland,49518.0568,8.780817
26,2017,56297.14517,61.92411,25.748151,10,Finland,49518.0568,9.661359222
0,1991,230212.8,46.227638,2.213749,11,France,224110,7.8
1,1992,246643.4,46.227638,2.213749,11,France,230560,8.65
2,1993,211831.9,46.227638,2.213749,11,France,196479,9.65
3,1994,236750.5,46.227638,2.213749,11,France,226217,10.25
4,1995,284692.9,46.227638,2.213749,11,France,271186,9.675
5,1996,289405.3,46.227638,2.213749,11,France,271407,10.125
6,1997,291746.1,46.227638,2.213749,11,France,263041,10.3
7,1998,306533.7,46.227638,2.213749,11,France,283309,9.875
8,1999,302438.5,46.227638,2.213749,11,France,284802,9.575
9,2000,301584.5,46.227638,2.213749,11,France,304849,8.175
10,2001,300920.9,46.227638,2.213749,11,France,302847,7.4
11,2002,315568.7,46.227638,2.213749,11,France,312797,7.525
12,2003,370603.3,46.227638,2.213749,11,France,371838,8.125
13,2004,429142.7,46.227638,2.213749,11,France,432942,8.5
14,2005,448232.9,46.227638,2.213749,11,France,476793,8.5
15,2006,495492,46.227638,2.213749,11,France,533876,8.45
16,2007,557124.9,46.227638,2.213749,11,France,618195,7.65
17,2008,615742.8,46.227638,2.213749,11,France,699716,7.075
18,2009,482834.4,46.227638,2.213749,11,France,546630,8.725
19,2010,523633.1,46.227638,2.213749,11,France,588811,8.875
20,2011,598059.8,46.227638,2.213749,11,France,698685,8.825
21,2012,569143.5,46.227638,2.213749,11,France,657757,9.375
22,2013,579234.8,46.227638,2.213749,11,France,663782,9.9
23,2014,579067.4,46.227638,2.213749,11,France,658963,9.925
24,2015,504966.3,46.227638,2.213749,11,France,554836,10.025
25,2016,402864.284,46.227638,2.213749,11,France,426977.12,8.868269231
26,2017,409770.3434,46.227638,2.213749,11,France,426977.12,8.868269231
0,1991,103950.8,55.378051,-3.435973,12,United Kingdom,355990.8,8.825
1,1992,107803.7,55.378051,-3.435973,12,United Kingdom,374310.9,9.966667
2,1993,122262.2,55.378051,-3.435973,12,United Kingdom,303346.8,10.4
3,1994,135144.2,55.378051,-3.435973,12,United Kingdom,341924.7,9.5
4,1995,153471.9,55.378051,-3.435973,12,United Kingdom,409753.2,8.658333
5,1996,167038.8,55.378051,-3.435973,12,United Kingdom,439034.9,8.116667
6,1997,171989.1,55.378051,-3.435973,12,United Kingdom,491807.6,6.983333
7,1998,164038.7,55.378051,-3.435973,12,United Kingdom,511821.2,6.266667
8,1999,166612.3,55.378051,-3.435973,12,United Kingdom,513018.5,5.983333
9,2000,188245.4,55.378051,-3.435973,12,United Kingdom,508699.8,5.45
10,2001,189731.9,55.378051,-3.435973,12,United Kingdom,480334,5.083333
11,2002,186779,55.378051,-3.435973,12,United Kingdom,533030.3,5.175
12,2003,188545.4,55.378051,-3.435973,12,United Kingdom,641149.9,5.008333
13,2004,191691.8,55.378051,-3.435973,12,United Kingdom,852188.5,4.75
14,2005,212205.6,55.378051,-3.435973,12,United Kingdom,932821.6,4.841667
15,2006,243706.4,55.378051,-3.435973,12,United Kingdom,1094262,5.416667
16,2007,222797.6,55.378051,-3.435973,12,United Kingdom,1257708,5.333333
17,2008,254421.1,55.378051,-3.435973,12,United Kingdom,1215776,5.708333
18,2009,229070.7,55.378051,-3.435973,12,United Kingdom,776775.6,7.608333
19,2010,270247.8,55.378051,-3.435973,12,United Kingdom,879496.7,7.891667
20,2011,308240.4,55.378051,-3.435973,12,United Kingdom,1036787,8.091667
21,2012,301602.8,55.378051,-3.435973,12,United Kingdom,1037145,8
22,2013,302968.2,55.378051,-3.435973,12,United Kingdom,1038190,7.591667
23,2014,292669.8,55.378051,-3.435973,12,United Kingdom,1127548,6.2
24,2015,287434.3,55.378051,-3.435973,12,United Kingdom,952155.2,5.383333
25,2016,206506.796,55.378051,-3.435973,12,United Kingdom,724203.048,6.897115385
26,2017,210609.0358,55.378051,-3.435973,12,United Kingdom,724203.048,6.897115385
0,1991,24015.05,53.41291,-8.24389,13,Ireland,20595.16,14.73333
1,1992,28542.76,53.41291,-8.24389,13,Ireland,22190.07,15.4
2,1993,28951.25,53.41291,-8.24389,13,Ireland,22488.96,15.63333
3,1994,34063.73,53.41291,-8.24389,13,Ireland,26387.8,14.35
4,1995,44555.75,53.41291,-8.24389,13,Ireland,34686.06,12.28333
5,1996,48641.22,53.41291,-8.24389,13,Ireland,36738.37,11.65
6,1997,53441.41,53.41291,-8.24389,13,Ireland,37128.2,9.858333
7,1998,64372.58,53.41291,-8.24389,13,Ireland,44300.09,7.55
8,1999,71318.19,53.41291,-8.24389,13,Ireland,47231.63,5.658333
9,2000,77088.72,53.41291,-8.24389,13,Ireland,50674.92,4.275
10,2001,83037.38,53.41291,-8.24389,13,Ireland,50609.83,3.925
11,2002,88770.46,53.41291,-8.24389,13,Ireland,51854.03,4.491667
12,2003,93538.15,53.41291,-8.24389,13,Ireland,54906.07,4.616667
13,2004,105635.4,53.41291,-8.24389,13,Ireland,64151.53,4.491667
14,2005,108409.8,53.41291,-8.24389,13,Ireland,72741.14,4.4
15,2006,110117.1,53.41291,-8.24389,13,Ireland,80186.43,4.525
16,2007,124139.7,53.41291,-8.24389,13,Ireland,90399.69,4.691667
17,2008,130285,53.41291,-8.24389,13,Ireland,87454.29,6.433333
18,2009,121686.4,53.41291,-8.24389,13,Ireland,67004.17,12.05
19,2010,120717.5,53.41291,-8.24389,13,Ireland,64537.98,13.91667
20,2011,129553.9,53.41291,-8.24389,13,Ireland,73859.5,14.66667
21,2012,119999.7,53.41291,-8.24389,13,Ireland,72200.25,14.725
22,2013,118300.7,53.41291,-8.24389,13,Ireland,74081.54,13.09167
23,2014,122992.2,53.41291,-8.24389,13,Ireland,82406.52,11.3
24,2015,124684.8,53.41291,-8.24389,13,Ireland,77681.81,9.45
25,2016,2176858.85,53.41291,-8.24389,13,Ireland,56259.8416,7.975
26,2017,4329702.65,53.41291,-8.24389,13,Ireland,56259.8416,7.1
0,1991,1113.81,30.585164,36.238414,14,Jordan,2455.146,13.86666667
1,1992,1232.065,30.585164,36.238414,14,Jordan,3268.524,13.86666667
2,1993,1226.538,30.585164,36.238414,14,Jordan,3558.399,19.7
3,1994,1423.616,30.585164,36.238414,14,Jordan,3406.483,15.8
4,1995,1762.896,30.585164,36.238414,14,Jordan,3737.313,15.3
5,1996,1805.77,30.585164,36.238414,14,Jordan,4313.549,12.8
6,1997,1834.047,30.585164,36.238414,14,Jordan,4118.876,14.4
7,1998,1803.27,30.585164,36.238414,14,Jordan,3851.92,14.4
8,1999,1832.539,30.585164,36.238414,14,Jordan,3679.778,11.6
9,2000,1902.065,30.585164,36.238414,14,Jordan,4560.028,13.9
10,2001,2291.161,30.585164,36.238414,14,Jordan,4882.368,14.7
11,2002,2771.666,30.585164,36.238414,14,Jordan,5089.831,15.3
12,2003,3079.333,30.585164,36.238414,14,Jordan,5757.005,14.5
13,2004,3878.379,30.585164,36.238414,14,Jordan,8180.803,12.5
14,2005,4301.68,30.585164,36.238414,14,Jordan,10498.86,14.8
15,2006,5206.075,30.585164,36.238414,14,Jordan,11550.98,14
16,2007,5749.479,30.585164,36.238414,14,Jordan,13735.99,13.1
17,2008,7945.613,30.585164,36.238414,14,Jordan,17007.39,12.7
18,2009,6396.279,30.585164,36.238414,14,Jordan,14266.17,12.9
19,2010,7037.681,30.585164,36.238414,14,Jordan,15601.44,12.5
20,2011,8015.996,30.585164,36.238414,14,Jordan,18968.22,12.9
21,2012,7885.459,30.585164,36.238414,14,Jordan,20802.98,12.2
22,2013,7946.173,30.585164,36.238414,14,Jordan,22130.17,12.6
23,2014,8399.523,30.585164,36.238414,14,Jordan,22965.94,11.9
24,2015,7831.458,30.585164,36.238414,14,Jordan,20498.33,13.1
25,2016,4186.90284,30.585164,36.238414,14,Jordan,9955.45972,15.2
26,2017,4309.826554,30.585164,36.238414,14,Jordan,9955.45972,13.86666667
0,1991,315747,36.204824,138.252924,15,Japan,237740.4,2.099018
1,1992,340013,36.204824,138.252924,15,Japan,233229,2.151389
2,1993,362207,36.204824,138.252924,15,Japan,241653.8,2.503291
3,1994,396580,36.204824,138.252924,15,Japan,275851.6,2.890953
4,1995,441571,36.204824,138.252924,15,Japan,335929.7,3.153574
5,1996,410602,36.204824,138.252924,15,Japan,349253.8,3.350839
6,1997,433364,36.204824,138.252924,15,Japan,338405.7,3.403121
7,1998,390774,36.204824,138.252924,15,Japan,280418,4.114413
8,1999,420442,36.204824,138.252924,15,Japan,311232.4,4.68328
9,2000,480608,36.204824,138.252924,15,Japan,379069.5,4.714852
10,2001,402458,36.204824,138.252924,15,Japan,349528,5.039327
11,2002,417244,36.204824,138.252924,15,Japan,337998.8,5.373745
12,2003,471338,36.204824,138.252924,15,Japan,383475.2,5.252275
13,2004,564014,36.204824,138.252924,15,Japan,454994,4.714409
14,2005,595799,36.204824,138.252924,15,Japan,515391.8,4.423257
15,2006,646937,36.204824,138.252924,15,Japan,577829.5,4.139519
16,2007,714358,36.204824,138.252924,15,Japan,621111.6,3.838154
17,2008,781255,36.204824,138.252924,15,Japan,762173.9,3.994517
18,2009,579901,36.204824,138.252924,15,Japan,550610,5.06788
19,2010,770108,36.204824,138.252924,15,Japan,694276.3,5.04807
20,2011,824661,36.204824,138.252924,15,Japan,855947.1,4.582375
21,2012,798690,36.204824,138.252924,15,Japan,886609.7,4.348143
22,2013,716244,36.204824,138.252924,15,Japan,832152,4.022605
23,2014,690804,36.204824,138.252924,15,Japan,812713.8,3.589255
24,2015,625005,36.204824,138.252924,15,Japan,648332.5,3.373791
25,2016,642262,36.204824,138.252924,15,Japan,606840.9,3.115503
26,2017,547422.5385,36.204824,138.252924,15,Japan,495106.5,3.892432296
0,1991,1285.050033,55.169438,23.881275,16,Lithuania,15569.00196,8.032985792
1,1992,671.0861,55.169438,23.881275,16,Lithuania,830.007,8.032985792
2,1993,1155.835,55.169438,23.881275,16,Lithuania,1909.844,4.191667
3,1994,2028.229,55.169438,23.881275,16,Lithuania,3256.078,3.625
4,1995,2695.821,55.169438,23.881275,16,Lithuania,5588.825,6.116667
5,1996,3354.387,55.169438,23.881275,16,Lithuania,6774.363,7.133333
6,1997,3862.867,55.169438,23.881275,16,Lithuania,7367.702,5.908333
7,1998,3720.832,55.169438,23.881275,16,Lithuania,7490.921,6.408333
8,1999,2761.356,55.169438,23.881275,16,Lithuania,5712.91,8.383333
9,2000,3560.236,55.169438,23.881275,16,Lithuania,5583.885,11.53333
10,2001,4277.694,55.169438,23.881275,16,Lithuania,6281.964,12.53333
11,2002,5216.023,55.169438,23.881275,16,Lithuania,7515.063,11.34167
12,2003,6956.814,55.169438,23.881275,16,Lithuania,9641.925,10.275
13,2004,9305.882,55.169438,23.881275,16,Lithuania,12369.14,6.816667
14,2005,11760.28,55.169438,23.881275,16,Lithuania,15452.12,4.808333
15,2006,14118.4,55.169438,23.881275,16,Lithuania,19374.33,3.45
16,2007,17126.41,55.169438,23.881275,16,Lithuania,24440.6,3.183333
17,2008,23672.44,55.169438,23.881275,16,Lithuania,31312.6,3.45
18,2009,16466.21,55.169438,23.881275,16,Lithuania,18313.89,9.458333
19,2010,20637.66,55.169438,23.881275,16,Lithuania,23301.92,14.48333
20,2011,28001.66,55.169438,23.881275,16,Lithuania,31764.89,11.70833
21,2012,29520.65,55.169438,23.881275,16,Lithuania,31980.16,10.79167
22,2013,32612.77,55.169438,23.881275,16,Lithuania,34846.91,10.925
23,2014,32330.75,55.169438,23.881275,16,Lithuania,34352.68,9.491667
24,2015,25386.93,55.169438,23.881275,16,Lithuania,28193.32,8.708333
25,2016,12550.05092,55.169438,23.881275,16,Lithuania,15569.00196,8.066667
26,2017,13045.00779,55.169438,23.881275,16,Lithuania,15569.00196,8.032985792
0,1991,1104.329778,56.8406494,24.7537645,17,Latvia,7733.832921,8.559722542
1,1992,1183.133333,56.8406494,24.7537645,17,Latvia,443.5881,8.559722542
2,1993,1063.608,56.8406494,24.7537645,17,Latvia,1046.971,4.658333
3,1994,1066.248,56.8406494,24.7537645,17,Latvia,1355.285,6.358333
4,1995,1419.544,56.8406494,24.7537645,17,Latvia,1795.757,6.35
5,1996,1597.041,56.8406494,24.7537645,17,Latvia,2330.241,7.025
6,1997,1759.057,56.8406494,24.7537645,17,Latvia,2531.687,7.475
7,1998,1907.492,56.8406494,24.7537645,17,Latvia,2978.403,7.575
8,1999,1724.087,56.8406494,24.7537645,17,Latvia,2608.706,9.683333
9,2000,1863.786,56.8406494,24.7537645,17,Latvia,2538.082,8.408333
10,2001,1997.804,56.8406494,24.7537645,17,Latvia,2806.821,7.808333
11,2002,2280.352,56.8406494,24.7537645,17,Latvia,3365.517,8.883333
12,2003,2886.912,56.8406494,24.7537645,17,Latvia,4815.961,8.625
13,2004,3974.481,56.8406494,24.7537645,17,Latvia,6709.714,8.75
14,2005,5097.355,56.8406494,24.7537645,17,Latvia,8552.586,8.016667
15,2006,5875.082,56.8406494,24.7537645,17,Latvia,11373.46,7.025
16,2007,7862.647,56.8406494,24.7537645,17,Latvia,15161.62,5.675
17,2008,9292.263,56.8406494,24.7537645,17,Latvia,15884.04,5.325
18,2009,7136.637,56.8406494,24.7537645,17,Latvia,9355.021,12.09167
19,2010,8805.339,56.8406494,24.7537645,17,Latvia,11106.76,15.625
20,2011,11839.78,56.8406494,24.7537645,17,Latvia,15258.84,12.76667
21,2012,12643.94,56.8406494,24.7537645,17,Latvia,16096.21,11.36667
22,2013,13357.19,56.8406494,24.7537645,17,Latvia,16791,9.858333
23,2014,13604.64,56.8406494,24.7537645,17,Latvia,16819.75,8.941667
24,2015,11501.85,56.8406494,24.7537645,17,Latvia,13885.97,8.683333
25,2016,5676.397174,56.8406494,24.7537645,17,Latvia,7733.832921,8.458333
26,2017,5876.953225,56.8406494,24.7537645,17,Latvia,7733.832921,8.559722542
0,1991,136386.7,52.2379891,5.291266,18,Netherlands,310825.6304,6.951412667
1,1992,143315.7,52.2379891,5.291266,18,Netherlands,310825.6304,6.951412667
2,1993,141577.8,52.2379891,5.291266,18,Netherlands,124916.7,8.296799
3,1994,158186.6,52.2379891,5.291266,18,Netherlands,139872.3,9.19035
4,1995,199617.4,52.2379891,5.291266,18,Netherlands,176814,10.59385
5,1996,201055,52.2379891,5.291266,18,Netherlands,180644.5,9.76446
6,1997,193801,52.2379891,5.291266,18,Netherlands,178176.8,8.211389
7,1998,201088.5,52.2379891,5.291266,18,Netherlands,187646.9,6.573598
8,1999,200687,52.2379891,5.291266,18,Netherlands,190294.2,5.43542
9,2000,213546.6,52.2379891,5.291266,18,Netherlands,199092.2,4.637597
10,2001,216463.2,52.2379891,5.291266,18,Netherlands,195865.3,4.000079
11,2002,220252.1,52.2379891,5.291266,18,Netherlands,194487,4.693266
12,2003,265003.7,52.2379891,5.291266,18,Netherlands,234138.1,6.173844
13,2004,318014.6,52.2379891,5.291266,18,Netherlands,283934.7,7.13912
14,2005,349356.3,52.2379891,5.291266,18,Netherlands,310199.9,7.211355
15,2006,400189.7,52.2379891,5.291266,18,Netherlands,358316.6,6.24426
16,2007,476237.9,52.2379891,5.291266,18,Netherlands,421211.4,5.265277
17,2008,546520.3,52.2379891,5.291266,18,Netherlands,495361.1,4.604007
18,2009,431488.1,52.2379891,5.291266,18,Netherlands,382270.7,5.572713
19,2010,492974.6,52.2379891,5.291266,18,Netherlands,439837.2,6.130596
20,2011,570298.7,52.2379891,5.291266,18,Netherlands,508104.2,6.080374
21,2012,552858.2,52.2379891,5.291266,18,Netherlands,501009.2,7.120481
22,2013,575240.2,52.2379891,5.291266,18,Netherlands,513291.7,8.944638
23,2014,575749.3,52.2379891,5.291266,18,Netherlands,508409.8,9.0119
24,2015,473966.6,52.2379891,5.291266,18,Netherlands,425095,8.62723
25,2016,330155.032,52.2379891,5.291266,18,Netherlands,310825.6304,7.311301
26,2017,337905.7653,52.2379891,5.291266,18,Netherlands,310825.6304,6.951412667
0,1991,34123.67,60.472024,8.468946,19,Norway,25653.08,6.041667
1,1992,35133.82,60.472024,8.468946,19,Norway,26134.24,6.55
2,1993,31991.61,60.472024,8.468946,19,Norway,24046.2,6.608333
3,1994,34745.61,60.472024,8.468946,19,Norway,27455.03,6
4,1995,41955.07,60.472024,8.468946,19,Norway,32986.3,5.441667
5,1996,49555.38,60.472024,8.468946,19,Norway,35604.25,4.791667
6,1997,48524.91,60.472024,8.468946,19,Norway,35746.99,3.9
7,1998,40367.71,60.472024,8.468946,19,Norway,37465.79,3.1
8,1999,45368.82,60.472024,8.468946,19,Norway,34151.09,3.041667
9,2000,60012.94,60.472024,8.468946,19,Norway,34405.85,3.241667
10,2001,59290.71,60.472024,8.468946,19,Norway,32988.52,3.433333
11,2002,59693.69,60.472024,8.468946,19,Norway,34913.83,3.683333
12,2003,68335.46,60.472024,8.468946,19,Norway,40070.62,4.225
13,2004,82560.24,60.472024,8.468946,19,Norway,48483.22,4.291667
14,2005,103818,60.472024,8.468946,19,Norway,55519.88,4.525
15,2006,122237,60.472024,8.468946,19,Norway,64165.33,3.433333
16,2007,136461.2,60.472024,8.468946,19,Norway,80303.26,2.525
17,2008,172152.5,60.472024,8.468946,19,Norway,90620.31,2.541667
18,2009,116619.2,60.472024,8.468946,19,Norway,68808.84,3.158333
19,2010,130515.2,60.472024,8.468946,19,Norway,77132.26,3.575
20,2011,160281.9,60.472024,8.468946,19,Norway,90591.97,3.3
21,2012,160677.6,60.472024,8.468946,19,Norway,87291.63,3.191667
22,2013,155908.4,60.472024,8.468946,19,Norway,90014.25,3.516667
23,2014,144525.5,60.472024,8.468946,19,Norway,89568.16,3.533333
24,2015,103979,60.472024,8.468946,19,Norway,76432.43,4.366667
25,2016,88996.85,60.472024,8.468946,19,Norway,72269.68,4.146153885
26,2017,87993.53808,60.472024,8.468946,19,Norway,54339.34654,4.146153885
0,1991,9702.051,-40.900557,174.885971,20,New Zealand,8447.667,10.61144
1,1992,9801.369,-40.900557,174.885971,20,New Zealand,9243.93,10.64473
2,1993,10530.33,-40.900557,174.885971,20,New Zealand,9619.945,9.800159
3,1994,12173.65,-40.900557,174.885971,20,New Zealand,11846.53,8.342465
4,1995,13636.98,-40.900557,174.885971,20,New Zealand,13937.18,6.451948
5,1996,14352.29,-40.900557,174.885971,20,New Zealand,14740.49,6.305462
6,1997,14207.04,-40.900557,174.885971,20,New Zealand,14536.28,6.834242
7,1998,12051.07,-40.900557,174.885971,20,New Zealand,12481.01,7.733373
8,1999,12493.79,-40.900557,174.885971,20,New Zealand,14262.3,7.014644
9,2000,13298.3,-40.900557,174.885971,20,New Zealand,13921.24,6.143326
10,2001,13745.42,-40.900557,174.885971,20,New Zealand,13309.98,5.452826
11,2002,14399.25,-40.900557,174.885971,20,New Zealand,15023.37,5.307235
12,2003,16549.81,-40.900557,174.885971,20,New Zealand,18538.77,4.777812
13,2004,20335.74,-40.900557,174.885971,20,New Zealand,23186.25,4.02383
14,2005,21735.8,-40.900557,174.885971,20,New Zealand,26189.49,3.829289
15,2006,22460.13,-40.900557,174.885971,20,New Zealand,26388.95,3.844364
16,2007,26980.22,-40.900557,174.885971,20,New Zealand,30759.78,3.561032
17,2008,30649.28,-40.900557,174.885971,20,New Zealand,34420.08,4.021272
18,2009,25024,-40.900557,174.885971,20,New Zealand,25479.32,5.832442
19,2010,31427.64,-40.900557,174.885971,20,New Zealand,30557.73,6.140336
20,2011,37677.29,-40.900557,174.885971,20,New Zealand,37087.49,5.942273
21,2012,37353.2,-40.900557,174.885971,20,New Zealand,38283.93,6.397633
22,2013,39460.64,-40.900557,174.885971,20,New Zealand,39598.48,5.752525
23,2014,41580.62,-40.900557,174.885971,20,New Zealand,42495.71,5.374376
24,2015,34290.84,-40.900557,174.885971,20,New Zealand,36621.11,5.351149
25,2016,33787.75,-40.900557,174.885971,20,New Zealand,36010.1,5.099024
26,2017,21911.71154,-40.900557,174.885971,20,New Zealand,22961.04277,6.243474
0,1991,8757.624,12.879721,121.774017,21,Philippines,11973.21,10.45
1,1992,9718.295,12.879721,121.774017,21,Philippines,14471.26,9.85
2,1993,11268.4,12.879721,121.774017,21,Philippines,17513.4,9.325
3,1994,13400.41,12.879721,121.774017,21,Philippines,21221.16,9.575
4,1995,17409.37,12.879721,121.774017,21,Philippines,26511.11,9.525
5,1996,20513.36,12.879721,121.774017,21,Philippines,32446.57,8.55
6,1997,25191.8,12.879721,121.774017,21,Philippines,35959.89,8.725
7,1998,29474.43,12.879721,121.774017,21,Philippines,29721.06,10.05
8,1999,34919,12.879721,121.774017,21,Philippines,30801.77,9.75
9,2000,38025.34,12.879721,121.774017,21,Philippines,34540.92,11.2
10,2001,32205.45,12.879721,121.774017,21,Philippines,33017.81,11.15
11,2002,35225.66,12.879721,121.774017,21,Philippines,39086.6,11.375
12,2003,36245.74,12.879721,121.774017,21,Philippines,40445.53,11.4
13,2004,39682.95,12.879721,121.774017,21,Philippines,43953.24,11.825
14,2005,41334.97,12.879721,121.774017,21,Philippines,47338.6,11.35
15,2006,47433.36,12.879721,121.774017,21,Philippines,51676.27,8
16,2007,50578.02,12.879721,121.774017,21,Philippines,55505.32,7.325
17,2008,49085.16,12.879721,121.774017,21,Philippines,56775.23,7.375
18,2009,38495.95,12.879721,121.774017,21,Philippines,43163.82,7.5
19,2010,51479.88,12.879721,121.774017,21,Philippines,55004.8,7.325
20,2011,48379.14,12.879721,121.774017,21,Philippines,60480.5,7.025
21,2012,52140.31,12.879721,121.774017,21,Philippines,62120.05,7.025
22,2013,56719.82,12.879721,121.774017,21,Philippines,62332.85,7.075
23,2014,61962.78,12.879721,121.774017,21,Philippines,65277.63,6.825
24,2015,58822.74,12.879721,121.774017,21,Philippines,71059.76,6.25
25,2016,36338.79836,12.879721,121.774017,21,Philippines,41695.9344,5.45
26,2017,37442.04533,12.879721,121.774017,21,Philippines,41695.9344,8.895192308
0,1991,14660.8,51.919438,19.145136,22,Poland,15173.74,9.008333
1,1992,13206.91,51.919438,19.145136,22,Poland,16091.34,12.93333
2,1993,14123.27,51.919438,19.145136,22,Poland,18725.76,15.03333
3,1994,17194.84,51.919438,19.145136,22,Poland,21451.82,16.50833
4,1995,22873.31,51.919438,19.145136,22,Poland,29154.01,15.225
5,1996,24401.9,51.919438,19.145136,22,Poland,37018.5,14.3
6,1997,25685.67,51.919438,19.145136,22,Poland,42257.14,11.50833
7,1998,28252.15,51.919438,19.145136,22,Poland,46641.36,10.00833
8,1999,27313.93,51.919438,19.145136,22,Poland,45733.76,11.99167
9,2000,31681.4,51.919438,19.145136,22,Poland,49086.71,14.025
10,2001,36139.08,51.919438,19.145136,22,Poland,50509.75,16.21667
11,2002,40988.18,51.919438,19.145136,22,Poland,55133.77,19.71667
12,2003,53642.39,51.919438,19.145136,22,Poland,68205.82,19.91667
13,2004,74782.07,51.919438,19.145136,22,Poland,89532.64,19.5
14,2005,89272.95,51.919438,19.145136,22,Poland,101523.1,18.175
15,2006,110805.3,51.919438,19.145136,22,Poland,127350.9,16.19167
16,2007,138354.7,51.919438,19.145136,22,Poland,165659.6,12.69167
17,2008,171900.7,51.919438,19.145136,22,Poland,209507.2,9.825
18,2009,136592.3,51.919438,19.145136,22,Poland,149686.4,10.96667
19,2010,155628.3,51.919438,19.145136,22,Poland,177998,12.11667
20,2011,190519.2,51.919438,19.145136,22,Poland,210851.9,12.39167
21,2012,184549.1,51.919438,19.145136,22,Poland,199487.5,12.8
22,2013,203340.3,51.919438,19.145136,22,Poland,207699.2,13.51667
23,2014,218801,51.919438,19.145136,22,Poland,223579.7,12.325
24,2015,199487,51.919438,19.145136,22,Poland,196652.9,10.5
25,2016,88967.87,51.919438,19.145136,22,Poland,102188.5008,8.958333
26,2017,91940.1528,51.919438,19.145136,22,Poland,102188.5008,13.32561789
0,1991,20074.87688,39.399872,-8.224454,23,Portugal,57288.7087,8.499432857
1,1992,21081.1975,39.399872,-8.224454,23,Portugal,57288.7087,8.499432857
2,1993,16308.24,39.399872,-8.224454,23,Portugal,24065.22,8.499432857
3,1994,19099.27,39.399872,-8.224454,23,Portugal,28342.04,8.499432857
4,1995,23810.8,39.399872,-8.224454,23,Portugal,34223.72,7.150996
5,1996,25106.48,39.399872,-8.224454,23,Portugal,36251.53,7.25532
6,1997,24447.33,39.399872,-8.224454,23,Portugal,36265.69,6.752381
7,1998,25355.93,39.399872,-8.224454,23,Portugal,40396.01,4.992787
8,1999,25265.5,39.399872,-8.224454,23,Portugal,42211.46,4.378613
9,2000,25158.45,39.399872,-8.224454,23,Portugal,42268.64,3.997374
10,2001,24950.6,39.399872,-8.224454,23,Portugal,41786.65,4.072183
11,2002,26916.27,39.399872,-8.224454,23,Portugal,42662.43,5.067086
12,2003,33085.14,39.399872,-8.224454,23,Portugal,50362.96,6.245889
13,2004,38432.28,39.399872,-8.224454,23,Portugal,61325.07,6.648136
14,2005,38745.4,39.399872,-8.224454,23,Portugal,63887.48,7.602181
15,2006,44832.78,39.399872,-8.224454,23,Portugal,70704.51,7.652604
16,2007,52434.39,39.399872,-8.224454,23,Portugal,82135.78,8.008519
17,2008,57231.68,39.399872,-8.224454,23,Portugal,94808.85,7.606845
18,2009,44204.97,39.399872,-8.224454,23,Portugal,71669.42,9.488556
19,2010,49472.4,39.399872,-8.224454,23,Portugal,77720.84,10.81012
20,2011,59602.92,39.399872,-8.224454,23,Portugal,83008.27,12.70773
21,2012,58201.84,39.399872,-8.224454,23,Portugal,72618.7,15.56492
22,2013,62854.02,39.399872,-8.224454,23,Portugal,75714.46,16.17437
23,2014,63787.51,39.399872,-8.224454,23,Portugal,78352.73,13.89469
24,2015,55208.03,39.399872,-8.224454,23,Portugal,66857.84,12.41679
25,2016,38891.83609,39.399872,-8.224454,23,Portugal,57288.7087,8.499432857
26,2017,39873.73157,39.399872,-8.224454,23,Portugal,57288.7087,8.499432857
0,1991,4331.825,45.943161,24.6859225,24,Romania,5421.342,7.327083292
1,1992,4459.05,45.943161,24.6859225,24,Romania,5118.27,5.45
2,1993,4563.568,45.943161,24.6859225,24,Romania,5347.577,9.208333
3,1994,6211.75,45.943161,24.6859225,24,Romania,6580.312,10.975
4,1995,7984.3,45.943161,24.6859225,24,Romania,9509.347,9.975
5,1996,8241.983,45.943161,24.6859225,24,Romania,10710.45,7.775
6,1997,8423.241,45.943161,24.6859225,24,Romania,10369.2,7.508333
7,1998,8269.122,45.943161,24.6859225,24,Romania,10863.09,9.275
8,1999,8506.695,45.943161,24.6859225,24,Romania,9601.202,11.39167
9,2000,10361.04,45.943161,24.6859225,24,Romania,12020.74,11.2
10,2001,11387.11,45.943161,24.6859225,24,Romania,14394.13,8.991667
11,2002,13879.06,45.943161,24.6859225,24,Romania,16456.72,10.18333
12,2003,17693.33,45.943161,24.6859225,24,Romania,22122.58,7.558333
13,2004,23486.2,45.943161,24.6859225,24,Romania,29993.59,6.75
14,2005,27670.08,45.943161,24.6859225,24,Romania,37136.58,5.808333
15,2006,32451.72,45.943161,24.6859225,24,Romania,47108.97,5.416667
16,2007,40522.07,45.943161,24.6859225,24,Romania,64084.73,4.316667
17,2008,49656.31,45.943161,24.6859225,24,Romania,75119.83,3.983333
18,2009,40569.02,45.943161,24.6859225,24,Romania,50222.23,6.283333
19,2010,49471.11,45.943161,24.6859225,24,Romania,57429.59,7.625
20,2011,63040.17,45.943161,24.6859225,24,Romania,73338.58,5.391667
21,2012,57990.54,45.943161,24.6859225,24,Romania,67539.3,5.083333
22,2013,65943.69,45.943161,24.6859225,24,Romania,70475.82,5.283333
23,2014,69651.62,45.943161,24.6859225,24,Romania,74522.46,5.275
24,2015,60561.35,45.943161,24.6859225,24,Romania,66939.39,5.141667
25,2016,27813.03816,45.943161,24.6859225,24,Romania,34097.0412,7.327083292
26,2017,28752.28669,45.943161,24.6859225,24,Romania,34097.0412,7.327083292
0,1991,80080.27283,61.52401,105.318756,25,Russian Federation,144090.8713,7.810995435
1,1992,78715.68122,61.52401,105.318756,25,Russian Federation,36947.5,7.810995435
2,1993,81285.31857,61.52401,105.318756,25,Russian Federation,32634.14,7.810995435
3,1994,67636.8,61.52401,105.318756,25,Russian Federation,50380.18,7.00654
4,1995,82790.55,61.52401,105.318756,25,Russian Federation,62414.19,8.308334
5,1996,90295.33,61.52401,105.318756,25,Russian Federation,68202.04,9.268224
6,1997,85875.28,61.52401,105.318756,25,Russian Federation,71563.67,10.82706
7,1998,73962.95,61.52401,105.318756,25,Russian Federation,58083.87,11.87585
8,1999,69163.54,61.52401,105.318756,25,Russian Federation,37144.17,13.0265
9,2000,99272.78,61.52401,105.318756,25,Russian Federation,41916.69,10.55905
10,2001,97103.65,61.52401,105.318756,25,Russian Federation,50993.86,8.950028
11,2002,101777.3,61.52401,105.318756,25,Russian Federation,58043.63,8.058245
12,2003,128834.7,61.52401,105.318756,25,Russian Federation,72843.72,8.243027
13,2004,177019.4,61.52401,105.318756,25,Russian Federation,93515.05,7.735642
14,2005,238703.5,61.52401,105.318756,25,Russian Federation,122837.7,7.160458
15,2006,296941.7,61.52401,105.318756,25,Russian Federation,161139.8,7.069361
16,2007,344963.6,61.52401,105.318756,25,Russian Federation,220849.1,6.051379
17,2008,467242.6,61.52401,105.318756,25,Russian Federation,289126.3,6.260709
18,2009,295678.4,61.52401,105.318756,25,Russian Federation,183431.2,8.247943
19,2010,392523.6,61.52401,105.318756,25,Russian Federation,243304.2,7.344391
20,2011,514284.7,61.52401,105.318756,25,Russian Federation,318085.8,6.494959
21,2012,527871.8,61.52401,105.318756,25,Russian Federation,336162.8,5.446307
22,2013,521678.6,61.52401,105.318756,25,Russian Federation,343029.2,5.48866
23,2014,497740,61.52401,105.318756,25,Russian Federation,311185.4,5.148947
24,2015,342401,61.52401,105.318756,25,Russian Federation,194346.7,5.564729
25,2016,250625.5355,61.52401,105.318756,25,Russian Federation,144090.8713,5.516552
26,2017,258943.2052,61.52401,105.318756,25,Russian Federation,144090.8713,7.810995435
0,1991,58957.24,1.352083,103.819836,26,Singapore,66096.2,1.75
1,1992,63363.56,1.352083,103.819836,26,Singapore,72021.06,1.8
2,1993,73875.29,1.352083,103.819836,26,Singapore,85126.54,1.675
3,1994,96410.76,1.352083,103.819836,26,Singapore,102462.3,1.725
4,1995,118009.3,1.352083,103.819836,26,Singapore,124266.1,1.725
5,1996,124996.7,1.352083,103.819836,26,Singapore,131297.5,1.65
6,1997,124796.7,1.352083,103.819836,26,Singapore,132171.5,1.425
7,1998,110131.5,1.352083,103.819836,26,Singapore,101858.5,2.575
8,1999,114450.3,1.352083,103.819836,26,Singapore,110761.3,2.8
9,2000,137582.5,1.352083,103.819836,26,Singapore,134363,2.6
10,2001,122116.8,1.352083,103.819836,26,Singapore,116527.4,2.675
11,2002,125110.4,1.352083,103.819836,26,Singapore,116465.7,3.575
12,2003,159935.1,1.352083,103.819836,26,Singapore,136298.8,4
13,2004,198530.1,1.352083,103.819836,26,Singapore,173489.6,3.375
14,2005,229510.2,1.352083,103.819836,26,Singapore,199763.6,3.125
15,2006,271931.7,1.352083,103.819836,26,Singapore,238890.6,2.675
16,2007,299355.4,1.352083,103.819836,26,Singapore,263152.3,2.1
17,2008,338006,1.352083,103.819836,26,Singapore,319658.6,2.275
18,2009,269878.4,1.352083,103.819836,26,Singapore,246121.6,3
19,2010,351788.9,1.352083,103.819836,26,Singapore,311127.8,2.175
20,2011,409182.2,1.352083,103.819836,26,Singapore,364748,2.025
21,2012,408480.8,1.352083,103.819836,26,Singapore,380380.8,1.975
22,2013,406846.3,1.352083,103.819836,26,Singapore,372939.7,1.9
23,2014,405429.5,1.352083,103.819836,26,Singapore,366016.6,1.975
24,2015,346482.2,1.352083,103.819836,26,Singapore,296509.4,1.9
25,2016,329868.9,1.352083,103.819836,26,Singapore,283073.1,2.075
26,2017,219039.4904,1.352083,103.819836,26,Singapore,201753.3692,2.328846154
0,1991,7.918834417,48.7411522,19.4528646,27,Slovakia,38.0308037,7.05
1,1992,8.3182395,48.7411522,19.4528646,27,Slovakia,38.0308037,11.31833
2,1993,5.453295,48.7411522,19.4528646,27,Slovakia,6.286459,12.855
3,1994,6.70323,48.7411522,19.4528646,27,Slovakia,6.621104,14.62917
4,1995,8.582135,48.7411522,19.4528646,27,Slovakia,8.759272,13.68083
5,1996,8.824787,48.7411522,19.4528646,27,Slovakia,11.10439,12.605
6,1997,9.63132,48.7411522,19.4528646,27,Slovakia,11.74239,12.91417
7,1998,10.71467,48.7411522,19.4528646,27,Slovakia,13.04534,13.825
8,1999,10.23694,48.7411522,19.4528646,27,Slovakia,11.29886,17.49083
9,2000,11.8422,48.7411522,19.4528646,27,Slovakia,12.70557,18.265
10,2001,12.65564,48.7411522,19.4528646,27,Slovakia,14.77772,18.26667
11,2002,14.47344,48.7411522,19.4528646,27,Slovakia,16.57827,17.80833
12,2003,21.96557,48.7411522,19.4528646,27,Slovakia,22.59062,15.18167
13,2004,27.6143,48.7411522,19.4528646,27,Slovakia,29.14508,14.24167
14,2005,31.82021,48.7411522,19.4528646,27,Slovakia,34.19545,11.62583
15,2006,41.74657,48.7411522,19.4528646,27,Slovakia,44.5402,10.3625
16,2007,57.89341,48.7411522,19.4528646,27,Slovakia,58.78518,8.420833
17,2008,70.37827,48.7411522,19.4528646,27,Slovakia,71.5767,7.645
18,2009,55.42356,48.7411522,19.4528646,27,Slovakia,54.09665,11.44
19,2010,63.95829,48.7411522,19.4528646,27,Slovakia,62.87246,12.4725
20,2011,79.14349,48.7411522,19.4528646,27,Slovakia,77.71519,13.1525
21,2012,79.94046,48.7411522,19.4528646,27,Slovakia,75.37076,13.5825
22,2013,85.28784,48.7411522,19.4528646,27,Slovakia,79.64924,14.10333
23,2014,86.1477,48.7411522,19.4528646,27,Slovakia,79.869,12.78583
24,2015,75.12471,48.7411522,19.4528646,27,Slovakia,71.38258,11.5
25,2016,38.06791465,48.7411522,19.4528646,27,Slovakia,38.0308037,9.485833
26,2017,39.48594159,48.7411522,19.4528646,27,Slovakia,38.0308037,12.95032023
0,1991,7.65774,45.8133113,14.4808369,28,Slovenia,17166.25863,11.85659787
1,1992,6.676429,45.8133113,14.4808369,28,Slovenia,2760.335,11.56667
2,1993,6.092675,45.8133113,14.4808369,28,Slovenia,3660.052,14.575
3,1994,6.821127,45.8133113,14.4808369,28,Slovenia,4727.621,14.55
4,1995,8.305401,45.8133113,14.4808369,28,Slovenia,6213.788,14.04167
5,1996,8.311371,45.8133113,14.4808369,28,Slovenia,6882.062,13.91667
6,1997,8.361339,45.8133113,14.4808369,28,Slovenia,7066.277,14.41667
7,1998,9.035838,45.8133113,14.4808369,28,Slovenia,7806.244,14.48333
8,1999,8.570252,45.8133113,14.4808369,28,Slovenia,8137.078,13.56667
9,2000,8.742945,45.8133113,14.4808369,28,Slovenia,10131.46,12.18333
10,2001,9.273906,45.8133113,14.4808369,28,Slovenia,10155.86,11.55833
11,2002,10.36793,45.8133113,14.4808369,28,Slovenia,10937.52,11.59167
12,2003,12.75542,45.8133113,14.4808369,28,Slovenia,13819.75,11.175
13,2004,15.89119,45.8133113,14.4808369,28,Slovenia,17538.8,10.59167
14,2005,17.89492,45.8133113,14.4808369,28,Slovenia,19585.48,10.14167
15,2006,21.30044,45.8133113,14.4808369,28,Slovenia,23033.43,9.433333
16,2007,26.86294,45.8133113,14.4808369,28,Slovenia,29486.53,7.725
17,2008,29.5449,45.8133113,14.4808369,28,Slovenia,34071.11,6.733333
18,2009,22.62816,45.8133113,14.4808369,28,Slovenia,24122,9.158333
19,2010,24.71126,45.8133113,14.4808369,28,Slovenia,26630.59,10.76667
20,2011,29.25887,45.8133113,14.4808369,28,Slovenia,31455.64,11.875
21,2012,27.09593,45.8133113,14.4808369,28,Slovenia,28478.49,12.00833
22,2013,28.6544,45.8133113,14.4808369,28,Slovenia,29416.43,13.13333
23,2014,30.51362,45.8133113,14.4808369,28,Slovenia,29996.8,13.1
24,2015,26.57692,45.8133113,14.4808369,28,Slovenia,25876.86,12.26667
25,2016,16.84367429,45.8133113,14.4808369,28,Slovenia,17166.25863,11.85659787
26,2017,17.26730951,45.8133113,14.4808369,28,Slovenia,17166.25863,11.85659787
0,1991,55150.2,60.128161,18.643501,29,Sweden,50113.28,4.005607
1,1992,56262.88,60.128161,18.643501,29,Sweden,50115.12,7.110956
2,1993,49835.94,60.128161,18.643501,29,Sweden,42758.28,11.14689
3,1994,61297.81,60.128161,18.643501,29,Sweden,51782.76,10.76619
4,1995,79566.95,60.128161,18.643501,29,Sweden,64633.38,10.42139
5,1996,84832.68,60.128161,18.643501,29,Sweden,66914.24,10.90169
6,1997,82878.34,60.128161,18.643501,29,Sweden,65660.83,10.88338
7,1998,84915.48,60.128161,18.643501,29,Sweden,68587.48,8.816634
8,1999,85062.83,60.128161,18.643501,29,Sweden,68935.6,7.565055
9,2000,87746.31,60.128161,18.643501,29,Sweden,73534.98,6.333988
10,2001,78156.18,60.128161,18.643501,29,Sweden,64394.6,5.833852
11,2002,83171.37,60.128161,18.643501,29,Sweden,67836.47,5.959874
12,2003,102458.5,60.128161,18.643501,29,Sweden,84175.46,6.583428
13,2004,123265.6,60.128161,18.643501,29,Sweden,100632,7.382242
14,2005,130802.5,60.128161,18.643501,29,Sweden,111358.1,7.649951
15,2006,147736.6,60.128161,18.643501,29,Sweden,127524.9,7.024829
16,2007,168825.2,60.128161,18.643501,29,Sweden,153256.4,6.101319
17,2008,184276.3,60.128161,18.643501,29,Sweden,169556,6.168538
18,2009,130787.1,60.128161,18.643501,29,Sweden,119952.2,8.330325
19,2010,158435.6,60.128161,18.643501,29,Sweden,148651.5,8.563651
20,2011,187077.9,60.128161,18.643501,29,Sweden,177052.6,7.761323
21,2012,172699.1,60.128161,18.643501,29,Sweden,164735.4,7.9828
22,2013,167680.2,60.128161,18.643501,29,Sweden,160816.8,8.003951
23,2014,164670.9,60.128161,18.643501,29,Sweden,162287.1,7.93264
24,2015,139908.7,60.128161,18.643501,29,Sweden,138375.2,7.381642
25,2016,139345.5,60.128161,18.643501,29,Sweden,140188.6,6.948184
26,2017,115647.9488,60.128161,18.643501,29,Sweden,103608.8185,7.622223333
0,1991,421922.9,37.09024,-95.712891,30,United States,488728.9,6.85
1,1992,448163.5,37.09024,-95.712891,30,United States,532586.8,7.491667
2,1993,465091,37.09024,-95.712891,30,United States,580372.9,6.908333
3,1994,512627,37.09024,-95.712891,30,United States,662702.6,6.1
4,1995,584742,37.09024,-95.712891,30,United States,743492.5,5.591667
5,1996,625077,37.09024,-95.712891,30,United States,795448.4,5.408333
6,1997,689181,37.09024,-95.712891,30,United States,869414.2,4.941667
7,1998,682137,37.09024,-95.712891,30,United States,911417.9,4.5
8,1999,695798,37.09024,-95.712891,30,United States,1023410,4.216667
9,2000,781918,37.09024,-95.712891,30,United States,1216793,3.966667
10,2001,729100,37.09024,-95.712891,30,United States,1142131,4.741667
11,2002,693104,37.09024,-95.712891,30,United States,1160497,5.783333
12,2003,724771,37.09024,-95.712891,30,United States,1256884,5.991667
13,2004,814874.5,37.09024,-95.712891,30,United States,1467950,5.541667
14,2005,901081.8,37.09024,-95.712891,30,United States,1671746,5.083333
15,2006,1025969,37.09024,-95.712891,30,United States,1852056,4.608333
16,2007,1148197,37.09024,-95.712891,30,United States,1955056,4.616667
17,2008,1287441,37.09024,-95.712891,30,United States,2103647,5.8
18,2009,1056042,37.09024,-95.712891,30,United States,1559840,9.283333
19,2010,1278493,37.09024,-95.712891,30,United States,1913480,9.608333
20,2011,1482507,37.09024,-95.712891,30,United States,2208494,8.933333
21,2012,1545821,37.09024,-95.712891,30,United States,2277970,8.075
22,2013,1578517,37.09024,-95.712891,30,United States,2268138,7.366667
23,2014,1621172,37.09024,-95.712891,30,United States,2354659,6.166667
24,2015,1502572,37.09024,-95.712891,30,United States,2246957,5.258333
25,2016,1456405,37.09024,-95.712891,30,United States,2188867,4.85
26,2017,952027.8731,37.09024,-95.712891,30,United States,1440489.969,6.048148185
